{"coco/bbox_mAP": 0.293, "coco/bbox_mAP_50": 0.338, "coco/bbox_mAP_75": 0.311, "coco/bbox_mAP_s": 0.0, "coco/bbox_mAP_m": 0.027, "coco/bbox_mAP_l": 0.298, "data_time": 0.0036688636493131606, "time": 0.26800217656041847}