{"coco/bbox_mAP": 0.362, "coco/bbox_mAP_50": 0.727, "coco/bbox_mAP_75": 0.297, "coco/bbox_mAP_s": 0.091, "coco/bbox_mAP_m": 0.27, "coco/bbox_mAP_l": 0.523, "data_time": 0.004482164717557137, "time": 0.3154796591976233}}