{"coco/bbox_mAP": 0.499, "coco/bbox_mAP_50": 0.782, "coco/bbox_mAP_75": 0.543, "coco/bbox_mAP_s": 0.274, "coco/bbox_mAP_m": 0.505, "coco/bbox_mAP_l": 0.568, "data_time": 0.0008003497123718261, "time": 0.3135860433578491}